农业,01,"",""
谷物种植,"",011,""
稻谷种植,"","",0111
小麦种植,"","",0112
玉米种植,"","",0113
其他谷物种植,"","",0119
豆类、油料和薯类种植,"",012,""
豆类种植,"","",0121
油料种植,"","",0122
薯类种植,"","",0123
棉、麻、糖、烟草种植,"",013,""
棉花种植,"","",0131
麻类种植,"","",0132
糖料种植,"","",0133
烟草种植,"","",0134
蔬菜、食用菌及园艺作物种植,"",014,""
蔬菜种植,"","",0141
食用菌种植,"","",0142
花卉种植,"","",0143
其他园艺作物种植,"","",0149
水果种植,"",015,""
仁果类和核果类水果种植,"","",0151
葡萄种植,"","",0152
柑橘类种植,"","",0153
香蕉等亚热带水果种植,"","",0154
其他水果种植,"","",0159
坚果、含油果、香料和饮料作物种植,"",016,""
坚果种植,"","",0161
含油果种植,"","",0162
香料作物种植,"","",0163
茶及其他饮料作物种植,"","",0169
中药材种植,"",017,0170
其他农业,"",019,0190
林业,02,"",""
林木育种和育苗,"",021,""
林木育种,"","",0211
林木育苗,"","",0212
造林和更新,"",022,0220
森林经营和管护,"",023,0230
木材和竹材采运,"",024,""
木材采运,"","",0241
竹材采运,"","",0242
林产品采集,"",025,""
木竹材林产品采集,"","",0251
非木竹材林产品采集,"","",0252
畜牧业,03,"",""
牲畜饲养,"",031,""
牛的饲养,"","",0311
马的饲养,"","",0312
猪的饲养,"","",0313
羊的饲养,"","",0314
骆驼饲养,"","",0315
其他牲畜饲养,"","",0319
家禽饲养,"",032,""
鸡的饲养,"","",0321
鸭的饲养,"","",0322
鹅的饲养,"","",0323
其他家禽饲养,"","",0329
狩猎和捕捉动物,"",033,0330
其他畜牧业,"",039,0390
渔业,04,"",""
水产养殖,"",041,""
海水养殖,"","",0411
内陆养殖,"","",0412
水产捕捞,"",042,""
海水捕捞,"","",0421
内陆捕捞,"","",0422
农、林、牧、渔服务业,05,"",""
农业服务业,"",051,""
农业机械服务,"","",0511
灌溉服务,"","",0512
农产品初加工服务,"","",0513
其他农业服务,"","",0519
林业服务业,"",052,""
林业有害生物防治服务,"","",0521
森林防火服务,"","",0522
林产品初级加工服务,"","",0523
其他林业服务,"","",0529
畜牧服务业,"",053,0530
渔业服务业,"",054,0540
煤炭开采和洗选业,06,"",""
烟煤和无烟煤开采洗选,"",061,0610
褐煤开采洗选,"",062,0620
其他煤炭采选,"",069,0690
石油和天然气开采业,07,"",""
石油开采,"",071,0710
天然气开采,"",072,0720
黑色金属矿采选业,08,"",""
铁矿采选,"",081,0810
锰矿、铬矿采选,"",082,0820
其他黑色金属矿采选,"",089,0890
有色金属矿采选业,09,"",""
常用有色金属矿采选,"",091,""
铜矿采选,"","",0911
铅锌矿采选,"","",0912
镍钴矿采选,"","",0913
锡矿采选,"","",0914
锑矿采选,"","",0915
铝矿采选,"","",0916
镁矿采选,"","",0917
其他常用有色金属矿采选,"","",0919
贵金属矿采选,"",092,""
金矿采选,"","",0921
银矿采选,"","",0922
其他贵金属矿采选,"","",0929
稀有稀土金属矿采选,"",093,""
钨钼矿采选,"","",0931
稀土金属矿采选,"","",0932
放射性金属矿采选,"","",0933
其他稀有金属矿采选,"","",0939
非金属矿采选业,10,"",""
土砂石开采,"",101,""
石灰石、石膏开采,"","",1011
建筑装饰用石开采,"","",1012
耐火土石开采,"","",1013
粘土及其他土砂石开采,"","",1019
化学矿开采,"",102,1020
采盐,"",103,1030
石棉及其他非金属矿采选,"",109,""
石棉、云母矿采选,"","",1091
石墨、滑石采选,"","",1092
宝石、玉石采选,"","",1093
其他未列明非金属矿采选,"","",1099
开采辅助活动,11,"",""
煤炭开采和洗选辅助活动,"",111,1110
石油和天然气开采辅助活动,"",112,1120
其他开采辅助活动,"",119,1190
其他采矿业,12,"",""
其他采矿业,"",120,1200
农副食品加工业,13,"",""
谷物磨制,"",131,1310
化纤织造及印染精加工,"",175,""
饲料加工,"",132,1320
植物油加工,"",133,""
食用植物油加工,"","",1331
非食用植物油加工,"","",1332
制糖业,"",134,1340
屠宰及肉类加工,"",135,""
牲畜屠宰,"","",1351
禽类屠宰,"","",1352
肉制品及副产品加工,"","",1353
水产品加工,"",136,""
水产品冷冻加工,"","",1361
鱼糜制品及水产品干腌制加工,"","",1362
水产饲料制造,"","",1363
鱼油提取及制品制造,"","",1364
其他水产品加工,"","",1369
蔬菜、水果和坚果加工,"",137,""
蔬菜加工,"","",1371
水果和坚果加工,"","",1372
其他农副食品加工,"",139,""
淀粉及淀粉制品制造,"","",1391
豆制品制造,"","",1392
蛋品加工,"","",1393
其他未列明农副食品加工,"","",1399
食品制造业,14,"",""
焙烤食品制造,"",141,""
糕点、面包制造,"","",1411
饼干及其他焙烤食品制造,"","",1419
糖果、巧克力及蜜饯制造,"",142,""
糖果、巧克力制造,"","",1421
蜜饯制作,"","",1422
方便食品制造,"",143,""
米、面制品制造,"","",1431
速冻食品制造,"","",1432
方便面及其他方便食品制造,"","",1439
乳制品制造,"",144,1440
罐头食品制造,"",145,""
肉、禽类罐头制造,"","",1451
水产品罐头制造,"","",1452
蔬菜、水果罐头制造,"","",1453
其他罐头食品制造,"","",1459
调味品、发酵制品制造,"",146,""
味精制造,"","",1461
酱油、食醋及类似制品制造,"","",1462
其他调味品、发酵制品制造,"","",1469
其他食品制造,"",149,""
营养食品制造,"","",1491
保健食品制造,"","",1492
冷冻饮品及食用冰制造,"","",1493
盐加工,"","",1494
食品及饲料添加剂制造,"","",1495
其他未列明食品制造,"","",1499
酒、饮料和精制茶制造业,15,"",""
酒的制造,"",151,""
酒精制造,"","",1511
白酒制造,"","",1512
啤酒制造,"","",1513
黄酒制造,"","",1514
葡萄酒制造,"","",1515
其他酒制造,"","",1519
饮料制造,"",152,""
碳酸饮料制造,"","",1521
瓶（罐）装饮用水制造,"","",1522
果菜汁及果菜汁饮料制造,"","",1523
含乳饮料和植物蛋白饮料制造,"","",1524
固体饮料制造,"","",1525
茶饮料及其他饮料制造,"","",1529
精制茶加工,"",153,1530
烟草制品业,16,"",""
烟叶复烤,"",161,1610
卷烟制造,"",162,1620
其他烟草制品制造,"",169,1690
纺织业,17,"",""
棉纺织及印染精加工,"",171,""
棉纺纱加工,"","",1711
棉织造加工,"","",1712
棉印染精加工,"","",1713
毛纺织及染整精加工,"",172,""
毛条和毛纱线加工,"","",1721
毛织造加工,"","",1722
毛染整精加工,"","",1723
麻纺织及染整精加工,"",173,""
麻纤维纺前加工和纺纱,"","",1731
麻织造加工,"","",1732
麻染整精加工,"","",1733
丝绢纺织及印染精加工,"",174,""
缫丝加工,"","",1741
绢纺和丝织加工,"","",1742
丝印染精加工,"","",1743
化纤织造加工,"","",1751
化纤织物染整精加工,"","",1752
针织或钩针编织物及其制品制造,"",176,""
针织或钩针编织物织造,"","",1761
针织或钩针编织物印染精加工,"","",1762
针织或钩针编织品制造,"","",1763
家用纺织制成品制造,"",177,""
床上用品制造,"","",1771
毛巾类制品制造,"","",1772
窗帘、布艺类产品制造,"","",1773
其他家用纺织制成品制造,"","",1779
非家用纺织制成品制造,"",178,""
非织造布制造,"","",1781
绳、索、缆制造,"","",1782
纺织带和帘子布制造,"","",1783
篷、帆布制造,"","",1784
其他非家用纺织制成品制造,"","",1789
纺织服装、服饰业,18,"",""
机织服装制造,"",181,1810
针织或钩针编织服装制造,"",182,1820
服饰制造,"",183,1830
皮革、毛皮、羽毛及其制品和制鞋业,19,"",""
皮革鞣制加工,"",191,1910
皮革制品制造,"",192,""
皮革服装制造,"","",1921
皮箱、包（袋）制造,"","",1922
皮手套及皮装饰制品制造,"","",1923
其他皮革制品制造,"","",1929
毛皮鞣制及制品加工,"",193,""
毛皮鞣制加工,"","",1931
毛皮服装加工,"","",1932
其他毛皮制品加工,"","",1939
羽毛(绒)加工及制品制造,"",194,""
羽毛（绒）加工,"","",1941
羽毛（绒）制品加工,"","",1942
制鞋业,"",195,""
纺织面料鞋制造,"","",1951
皮鞋制造,"","",1952
塑料鞋制造,"","",1953
橡胶鞋制造,"","",1954
其他制鞋业,"","",1959
木材加工和木、竹、藤、棕、草制品业,20,"",""
木材加工,"",201,""
文教办公用品制造,"",241,""
文具制造,"","",2411
锯材加工,"","",2011
木片加工,"","",2012
单板加工,"","",2013
其他木材加工,"","",2019
人造板制造,"",202,""
胶合板制造,"","",2021
纤维板制造,"","",2022
刨花板制造,"","",2023
其他人造板制造,"","",2029
木制品制造,"",203,""
建筑用木料及木材组件加工,"","",2031
木门窗、楼梯制造,"","",2032
地板制造,"","",2033
木制容器制造,"","",2034
软木制品及其他木制品制造,"","",2039
竹、藤、棕、草等制品制造,"",204,""
竹制品制造,"","",2041
藤制品制造,"","",2042
棕制品制造,"","",2043
草及其他制品制造,"","",2049
家具制造业,21,"",""
木质家具制造,"",211,2110
竹、藤家具制造,"",212,2120
金属家具制造,"",213,2130
塑料家具制造,"",214,2140
其他家具制造,"",219,2190
造纸和纸制品业,22,"",""
纸浆制造,"",221,""
木竹浆制造,"","",2211
非木竹浆制造,"","",2212
造纸,"",222,""
机制纸及纸板制造,"","",2221
手工纸制造,"","",2222
加工纸制造,"","",2223
纸制品制造,"",223,""
纸和纸板容器制造,"","",2231
其他纸制品制造,"","",2239
印刷和记录媒介复制业,23,"",""
印刷,"",231,""
书、报刊印刷,"","",2311
本册印制,"","",2312
包装装潢及其他印刷,"","",2319
装订及印刷相关服务,"",232,2320
记录媒介复制,"",233,2330
文教、工美、体育和娱乐用品制造业,24,"",""
笔的制造,"","",2412
教学用模型及教具制造,"","",2413
墨水、墨汁制造,"","",2414
其他文教办公用品制造,"","",2419
乐器制造,"",242,""
中乐器制造,"","",2421
西乐器制造,"","",2422
电子乐器制造,"","",2423
其他乐器及零件制造,"","",2429
工艺美术品制造,"",243,""
雕塑工艺品制造,"","",2431
金属工艺品制造,"","",2432
漆器工艺品制造,"","",2433
花画工艺品制造,"","",2434
天然植物纤维编织工艺品制造,"","",2435
抽纱刺绣工艺品制造,"","",2436
地毯、挂毯制造,"","",2437
珠宝首饰及有关物品制造,"","",2438
其他工艺美术品制造,"","",2439
体育用品制造,"",244,""
球类制造,"","",2441
体育器材及配件制造,"","",2442
训练健身器材制造,"","",2443
运动防护用具制造,"","",2444
其他体育用品制造,"","",2449
玩具制造,"",245,2450
游艺器材及娱乐用品制造,"",246,""
露天游乐场所游乐设备制造,"","",2461
游艺用品及室内游艺器材制造,"","",2462
其他娱乐用品制造,"","",2469
石油加工、炼焦和核燃料加工业,25,"",""
精炼石油产品制造,"",251,""
原油加工及石油制品制造,"","",2511
人造原油制造,"","",2512
炼焦,"",252,2520
核燃料加工,"",253,2530
化学原料和化学制品制造业,26,"",""
基础化学原料制造,"",261,""
无机酸制造,"","",2611
无机碱制造,"","",2612
无机盐制造,"","",2613
有机化学原料制造,"","",2614
其他基础化学原料制造,"","",2619
肥料制造,"",262,""
氮肥制造,"","",2621
磷肥制造,"","",2622
钾肥制造,"","",2623
复混肥料制造,"","",2624
有机肥料及微生物肥料制造,"","",2625
其他肥料制造,"","",2629
农药制造,"",263,""
化学农药制造,"","",2631
生物化学农药及微生物农药制造,"","",2632
涂料、油墨、颜料及类似产品制造,"",264,""
涂料制造,"","",2641
油墨及类似产品制造,"","",2642
颜料制造,"","",2643
染料制造,"","",2644
密封用填料及类似品制造,"","",2645
合成材料制造,"",265,""
初级形态塑料及合成树脂制造,"","",2651
合成橡胶制造,"","",2652
合成纤维单（聚合）体制造,"","",2653
其他合成材料制造,"","",2659
专用化学产品制造,"",266,""
化学试剂和助剂制造,"","",2661
专项化学用品制造,"","",2662
林产化学产品制造,"","",2663
信息化学品制造,"","",2664
环境污染处理专用药剂材料制造,"","",2665
动物胶制造,"","",2666
其他专用化学产品制造,"","",2669
炸药、火工及焰火产品制造,"",267,""
炸药及火工产品制造,"","",2671
焰火、鞭炮产品制造,"","",2672
日用化学产品制造,"",268,""
肥皂及合成洗涤剂制造,"","",2681
化妆品制造,"","",2682
口腔清洁用品制造,"","",2683
香料、香精制造,"","",2684
其他日用化学产品制造,"","",2689
医药制造业,27,"",""
化学药品原料药制造,"",271,2710
化学药品制剂制造,"",272,2720
中药饮片加工,"",273,2730
中成药生产,"",274,2740
兽用药品制造,"",275,2750
稀土金属冶炼,"","",3232
生物药品制造,"",276,2760
卫生材料及医药用品制造,"",277,2770
化学纤维制造业,28,"",""
纤维素纤维原料及纤维制造,"",281,""
化纤浆粕制造,"","",2811
人造纤维（纤维素纤维）制造,"","",2812
合成纤维制造,"",282,""
锦纶纤维制造,"","",2821
涤纶纤维制造,"","",2822
腈纶纤维制造,"","",2823
维纶纤维制造,"","",2824
丙纶纤维制造,"","",2825
氨纶纤维制造,"","",2826
其他合成纤维制造,"","",2829
橡胶和塑料制品业,29,"",""
橡胶制品业,"",291,""
轮胎制造,"","",2911
橡胶板、管、带制造,"","",2912
橡胶零件制造,"","",2913
再生橡胶制造,"","",2914
日用及医用橡胶制品制造,"","",2915
其他橡胶制品制造,"","",2919
塑料制品业,"",292,""
塑料薄膜制造,"","",2921
塑料板、管、型材制造,"","",2922
塑料丝、绳及编织品制造,"","",2923
泡沫塑料制造,"","",2924
塑料人造革、合成革制造,"","",2925
塑料包装箱及容器制造,"","",2926
日用塑料制品制造,"","",2927
塑料零件制造,"","",2928
其他塑料制品制造,"","",2929
非金属矿物制品业,30,"",""
水泥、石灰和石膏制造,"",301,""
水泥制造,"","",3011
石灰和石膏制造,"","",3012
石膏、水泥制品及类似制品制造,"",302,""
水泥制品制造,"","",3021
砼结构构件制造,"","",3022
石棉水泥制品制造,"","",3023
轻质建筑材料制造,"","",3024
其他水泥类似制品制造,"","",3029
砖瓦、石材等建筑材料制造,"",303,""
粘土砖瓦及建筑砌块制造,"","",3031
建筑陶瓷制品制造,"","",3032
建筑用石加工,"","",3033
其他稀有金属冶炼,"","",3239
防水建筑材料制造,"","",3034
隔热和隔音材料制造,"","",3035
其他建筑材料制造,"","",3039
玻璃制造,"",304,""
平板玻璃制造,"","",3041
其他玻璃制造,"","",3049
玻璃制品制造,"",305,""
技术玻璃制品制造,"","",3051
光学玻璃制造,"","",3052
玻璃仪器制造,"","",3053
日用玻璃制品制造,"","",3054
玻璃包装容器制造,"","",3055
玻璃保温容器制造,"","",3056
制镜及类似品加工,"","",3057
其他玻璃制品制造,"","",3059
玻璃纤维和玻璃纤维增强塑料制品制造,"",306,""
玻璃纤维及制品制造,"","",3061
玻璃纤维增强塑料制品制造,"","",3062
陶瓷制品制造,"",307,""
卫生陶瓷制品制造,"","",3071
特种陶瓷制品制造,"","",3072
日用陶瓷制品制造,"","",3073
园林、陈设艺术及其他陶瓷制品制造,"","",3079
耐火材料制品制造,"",308,""
石棉制品制造,"","",3081
云母制品制造,"","",3082
耐火陶瓷制品及其他耐火材料制造,"","",3089
石墨及其他非金属矿物制品制造,"",309,""
石墨及碳素制品制造,"","",3091
其他非金属矿物制品制造,"","",3099
黑色金属冶炼和压延加工业,31,"",""
炼铁,"",311,3110
炼钢,"",312,3120
黑色金属铸造,"",313,3130
钢压延加工,"",314,3140
铁合金冶炼,"",315,3150
有色金属冶炼和压延加工业,32,"",""
常用有色金属冶炼,"",321,""
铜冶炼,"","",3211
铅锌冶炼,"","",3212
镍钴冶炼,"","",3213
锡冶炼,"","",3214
锑冶炼,"","",3215
铝冶炼,"","",3216
镁冶炼,"","",3217
其他常用有色金属冶炼,"","",3219
贵金属冶炼,"",322,""
金冶炼,"","",3221
银冶炼,"","",3222
其他贵金属冶炼,"","",3229
稀有稀土金属冶炼,"",323,""
钨钼冶炼,"","",3231
有色金属合金制造,"",324,3240
有色金属铸造,"",325,3250
有色金属压延加工,"",326,""
铜压延加工,"","",3261
铝压延加工,"","",3262
贵金属压延加工,"","",3263
稀有稀土金属压延加工,"","",3264
其他有色金属压延加工,"","",3269
金属制品业,33,"",""
结构性金属制品制造,"",331,""
金属结构制造,"","",3311
金属门窗制造,"","",3312
金属工具制造,"",332,""
切削工具制造,"","",3321
手工具制造,"","",3322
农用及园林用金属工具制造,"","",3323
刀剪及类似日用金属工具制造,"","",3324
其他金属工具制造,"","",3329
集装箱及金属包装容器制造,"",333,""
集装箱制造,"","",3331
金属压力容器制造,"","",3332
金属包装容器制造,"","",3333
金属丝绳及其制品制造,"",334,3340
建筑、安全用金属制品制造,"",335,""
建筑、家具用金属配件制造,"","",3351
建筑装饰及水暖管道零件制造,"","",3352
安全、消防用金属制品制造,"","",3353
其他建筑、安全用金属制品制造,"","",3359
金属表面处理及热处理加工,"",336,3360
搪瓷制品制造,"",337,""
生产专用搪瓷制品制造,"","",3371
建筑装饰搪瓷制品制造,"","",3372
搪瓷卫生洁具制造,"","",3373
搪瓷日用品及其他搪瓷制品制造,"","",3379
金属制日用品制造,"",338,""
金属制厨房用器具制造,"","",3381
金属制餐具和器皿制造,"","",3382
金属制卫生器具制造,"","",3383
其他金属制日用品制造,"","",3389
其他金属制品制造,"",339,""
锻件及粉末冶金制品制造,"","",3391
交通及公共管理用金属标牌制造,"","",3392
其他未列明金属制品制造,"","",3399
通用设备制造业,34,"",""
锅炉及原动设备制造,"",341,""
锅炉及辅助设备制造,"","",3411
内燃机及配件制造,"","",3412
汽轮机及辅机制造,"","",3413
水轮机及辅机制造,"","",3414
风能原动设备制造,"","",3415
其他原动设备制造,"","",3419
金属加工机械制造,"",342,""
金属切削机床制造,"","",3421
金属成形机床制造,"","",3422
铸造机械制造,"","",3423
金属切割及焊接设备制造,"","",3424
机床附件制造,"","",3425
其他金属加工机械制造,"","",3429
物料搬运设备制造,"",343,""
轻小型起重设备制造,"","",3431
起重机制造,"","",3432
生产专用车辆制造,"","",3433
连续搬运设备制造,"","",3434
电梯、自动扶梯及升降机制造,"","",3435
其他物料搬运设备制造,"","",3439
泵、阀门、压缩机及类似机械制造,"",344,""
泵及真空设备制造,"","",3441
气体压缩机械制造,"","",3442
阀门和旋塞制造,"","",3443
液压和气压动力机械及元件制造,"","",3444
轴承、齿轮和传动部件制造,"",345,""
轴承制造,"","",3451
齿轮及齿轮减、变速箱制造,"","",3452
其他传动部件制造,"","",3459
烘炉、风机、衡器、包装等设备制造,"",346,""
烘炉、熔炉及电炉制造,"","",3461
风机、风扇制造,"","",3462
气体、液体分离及纯净设备制造,"","",3463
制冷、空调设备制造,"","",3464
风动和电动工具制造,"","",3465
喷枪及类似器具制造,"","",3466
衡器制造,"","",3467
包装专用设备制造,"","",3468
文化、办公用机械制造,"",347,""
电影机械制造,"","",3471
幻灯及投影设备制造,"","",3472
照相机及器材制造,"","",3473
复印和胶印设备制造,"","",3474
计算器及货币专用设备制造,"","",3475
其他文化、办公用机械制造,"","",3479
通用零部件制造,"",348,""
金属密封件制造,"","",3481
紧固件制造,"","",3482
弹簧制造,"","",3483
机械零部件加工,"","",3484
其他通用零部件制造,"","",3489
其他通用设备制造业,"",349,3490
专用设备制造业,35,"",""
采矿、冶金、建筑专用设备制造,"",351,""
矿山机械制造,"","",3511
石油钻采专用设备制造,"","",3512
建筑工程用机械制造,"","",3513
海洋工程专用设备制造,"","",3514
建筑材料生产专用机械制造,"","",3515
冶金专用设备制造,"","",3516
化工、木材、非金属加工专用设备制造,"",352,""
炼油、化工生产专用设备制造,"","",3521
橡胶加工专用设备制造,"","",3522
塑料加工专用设备制造,"","",3523
木材加工机械制造,"","",3524
模具制造,"","",3525
其他非金属加工专用设备制造,"","",3529
食品、饮料、烟草及饲料生产专用设备制造　　　,"",353,""
食品、酒、饮料及茶生产专用设备制造,"","",3531
农副食品加工专用设备制造,"","",3532
烟草生产专用设备制造,"","",3533
饲料生产专用设备制造,"","",3534
印刷、制药、日化及日用品生产专用设备制造,"",354,""
制浆和造纸专用设备制造,"","",3541
印刷专用设备制造,"","",3542
日用化工专用设备制造,"","",3543
制药专用设备制造,"","",3544
照明器具生产专用设备制造,"","",3545
玻璃、陶瓷和搪瓷制品生产专用设备制造,"","",3546
其他日用品生产专用设备制造,"","",3549
纺织、服装和皮革加工专用设备制造,"",355,""
纺织专用设备制造,"","",3551
皮革、毛皮及其制品加工专用设备制造,"","",3552
缝制机械制造,"","",3553
洗涤机械制造,"","",3554
电子和电工机械专用设备制造,"",356,""
电工机械专用设备制造,"","",3561
电子工业专用设备制造,"","",3562
农、林、牧、渔专用机械制造,"",357,""
拖拉机制造,"","",3571
机械化农业及园艺机具制造,"","",3572
营林及木竹采伐机械制造,"","",3573
畜牧机械制造,"","",3574
渔业机械制造,"","",3575
农林牧渔机械配件制造,"","",3576
棉花加工机械制造,"","",3577
其他农、林、牧、渔业机械制造,"","",3579
医疗仪器设备及器械制造,"",358,""
医疗诊断、监护及治疗设备制造,"","",3581
口腔科用设备及器具制造,"","",3582
医疗实验室及医用消毒设备和器具制造,"","",3583
医疗、外科及兽医用器械制造,"","",3584
机械治疗及病房护理设备制造,"","",3585
假肢、人工器官及植（介）入器械制造,"","",3586
其他医疗设备及器械制造,"","",3589
环保、社会公共服务及其他专用设备制造,"",359,""
环境保护专用设备制造,"","",3591
地质勘查专用设备制造,"","",3592
邮政专用机械及器材制造,"","",3593
商业、饮食、服务专用设备制造,"","",3594
社会公共安全设备及器材制造,"","",3595
交通安全、管制及类似专用设备制造,"","",3596
水资源专用机械制造,"","",3597
其他专用设备制造,"","",3599
汽车制造业,36,"",""
汽车整车制造,"",361,3610
改装汽车制造,"",362,3620
低速载货汽车制造,"",363,3630
电车制造,"",364,3640
汽车车身、挂车制造,"",365,3650
汽车零部件及配件制造,"",366,3660
铁路、船舶、航空航天和其他运输设备制造业,37,"",""
铁路运输设备制造,"",371,""
铁路机车车辆及动车组制造,"","",3711
窄轨机车车辆制造,"","",3712
铁路机车车辆配件制造,"","",3713
铁路专用设备及器材、配件制造,"","",3714
其他铁路运输设备制造,"","",3719
城市轨道交通设备制造,"",372,3720
船舶及相关装置制造,"",373,""
金属船舶制造,"","",3731
非金属船舶制造,"","",3732
娱乐船和运动船制造,"","",3733
船用配套设备制造,"","",3734
船舶改装与拆除,"","",3735
航标器材及其他相关装置制造,"","",3739
航空、航天器及设备制造,"",374,""
飞机制造,"","",3741
航天器制造,"","",3742
航空、航天相关设备制造,"","",3743
其他航空航天器制造,"","",3749
摩托车制造,"",375,""
摩托车整车制造,"","",3751
摩托车零部件及配件制造,"","",3752
自行车制造,"",376,""
脚踏自行车及残疾人座车制造,"","",3761
公路工程建筑,"","",4812
市政道路工程建筑,"","",4813
助动自行车制造,"","",3762
非公路休闲车及零配件制造,"",377,3770
潜水救捞及其他未列明运输设备制造,"",379,""
潜水及水下救捞装备制造,"","",3791
其他未列明运输设备制造,"","",3799
电气机械和器材制造业,38,"",""
电机制造,"",381,""
发电机及发电机组制造,"","",3811
电动机制造,"","",3812
微电机及其他电机制造,"","",3819
输配电及控制设备制造,"",382,""
变压器、整流器和电感器制造,"","",3821
电容器及其配套设备制造,"","",3822
配电开关控制设备制造,"","",3823
电力电子元器件制造,"","",3824
光伏设备及元器件制造,"","",3825
其他输配电及控制设备制造,"","",3829
电线、电缆、光缆及电工器材制造,"",383,""
电线、电缆制造,"","",3831
光纤、光缆制造,"","",3832
绝缘制品制造,"","",3833
其他电工器材制造,"","",3839
电池制造,"",384,""
锂离子电池制造,"","",3841
镍氢电池制造,"","",3842
其他电池制造,"","",3849
家用电力器具制造,"",385,""
家用制冷电器具制造,"","",3851
家用空气调节器制造,"","",3852
家用通风电器具制造,"","",3853
家用厨房电器具制造,"","",3854
家用清洁卫生电器具制造,"","",3855
家用美容、保健电器具制造,"","",3856
家用电力器具专用配件制造,"","",3857
其他家用电力器具制造,"","",3859
非电力家用器具制造,"",386,""
燃气、太阳能及类似能源家用器具制造,"","",3861
其他非电力家用器具制造,"","",3869
照明器具制造,"",387,""
电光源制造,"","",3871
照明灯具制造,"","",3872
灯用电器附件及其他照明器具制造,"","",3879
其他电气机械及器材制造,"",389,""
农林牧渔专用仪器仪表制造,"","",4024
其他道路、隧道和桥梁工程建筑,"","",4819
电气信号设备装置制造,"","",3891
其他未列明电气机械及器材制造,"","",3899
计算机、通信和其他电子设备制造业,39,"",""
计算机制造,"",391,""
计算机整机制造,"","",3911
计算机零部件制造,"","",3912
计算机外围设备制造,"","",3913
其他计算机制造,"","",3919
通信设备制造,"",392,""
通信系统设备制造,"","",3921
通信终端设备制造,"","",3922
广播电视设备制造,"",393,""
广播电视节目制作及发射设备制造,"","",3931
广播电视接收设备及器材制造,"","",3932
应用电视设备及其他广播电视设备制造,"","",3939
雷达及配套设备制造,"",394,3940
视听设备制造,"",395,""
电视机制造,"","",3951
音响设备制造,"","",3952
影视录放设备制造,"","",3953
电子器件制造,"",396,""
电子真空器件制造,"","",3961
半导体分立器件制造,"","",3962
集成电路制造,"","",3963
光电子器件及其他电子器件制造,"","",3969
电子元件制造,"",397,""
电子元件及组件制造,"","",3971
印制电路板制造,"","",3972
其他电子设备制造,"",399,3990
仪器仪表制造业,40,"",""
通用仪器仪表制造,"",401,""
工业自动控制系统装置制造,"","",4011
电工仪器仪表制造,"","",4012
绘图、计算及测量仪器制造,"","",4013
实验分析仪器制造,"","",4014
试验机制造,"","",4015
供应用仪表及其他通用仪器制造,"","",4019
专用仪器仪表制造,"",402,""
环境监测专用仪器仪表制造,"","",4021
运输设备及生产用计数仪表制造,"","",4022
导航、气象及海洋专用仪器制造,"","",4023
铁路工程建筑,"","",4811
地质勘探和地震专用仪器制造,"","",4025
教学专用仪器制造,"","",4026
核子及核辐射测量仪器制造,"","",4027
电子测量仪器制造,"","",4028
其他专用仪器制造,"","",4029
钟表与计时仪器制造,"",403,4030
光学仪器及眼镜制造,"",404,""
光学仪器制造,"","",4041
眼镜制造,"","",4042
其他仪器仪表制造业,"",409,4090
其他制造业,41,"",""
日用杂品制造,"",411,""
鬃毛加工、制刷及清扫工具制造,"","",4111
其他日用杂品制造,"","",4119
煤制品制造,"",412,4120
核辐射加工,"",413,4130
其他未列明制造业,"",419,4190
废弃资源综合利用业,42,"",""
金属废料和碎屑加工处理,"",421,4210
非金属废料和碎屑加工处理,"",422,4220
金属制品、机械和设备修理业,43,"",""
金属制品修理,"",431,4310
通用设备修理,"",432,4320
专用设备修理,"",433,4330
铁路、船舶、航空航天等运输设备修理,"",434,""
铁路运输设备修理,"","",4341
船舶修理,"","",4342
航空航天器修理,"","",4343
其他运输设备修理,"","",4349
电气设备修理,"",435,4350
仪器仪表修理,"",436,4360
其他机械和设备修理业,"",439,4390
电力、热力生产和供应业,44,"",""
电力生产,"",441,""
火力发电,"","",4411
水力发电,"","",4412
核力发电,"","",4413
风力发电,"","",4414
太阳能发电,"","",4415
其他电力生产,"","",4419
电力供应,"",442,4420
热力生产和供应,"",443,4430
燃气生产和供应业,45,"",""
燃气生产和供应业,"",450,4500
水的生产和供应业,46,"",""
自来水生产和供应,"",461,4610
污水处理及其再生利用,"",462,4620
其他水的处理、利用与分配,"",469,4690
房屋建筑业,47,"",""
房屋建筑业,"",470,4700
土木工程建筑业,48,"",""
铁路、道路、隧道和桥梁工程建筑,"",481,""
水利和内河港口工程建筑,"",482,""
水源及供水设施工程建筑,"","",4821
河湖治理及防洪设施工程建筑,"","",4822
港口及航运设施工程建筑,"","",4823
海洋工程建筑,"",483,4830
工矿工程建筑,"",484,4840
架线和管道工程建筑,"",485,""
架线及设备工程建筑,"","",4851
管道工程建筑,"","",4852
其他土木工程建筑,"",489,4890
建筑安装业,49,"",""
电气安装,"",491,4910
管道和设备安装,"",492,4920
其他建筑安装业,"",499,4990
建筑装饰和其他建筑业,50,"",""
建筑装饰业,"",501,5010
工程准备活动,"",502,""
建筑物拆除活动,"","",5021
其他工程准备活动,"","",5029
提供施工设备服务,"",503,5030
其他未列明建筑业,"",509,5090
批发业,51,"",""
农、林、牧产品批发,"",511,""
谷物、豆及薯类批发,"","",5111
种子批发,"","",5112
饲料批发,"","",5113
棉、麻批发,"","",5114
林业产品批发,"","",5115
牲畜批发,"","",5116
其他农牧产品批发,"","",5119
食品、饮料及烟草制品批发,"",512,""
米、面制品及食用油批发,"","",5121
糕点、糖果及糖批发,"","",5122
果品、蔬菜批发,"","",5123
肉、禽、蛋、奶及水产品批发,"","",5124
盐及调味品批发,"","",5125
营养和保健品批发,"","",5126
酒、饮料及茶叶批发,"","",5127
烟草制品批发,"","",5128
其他食品批发,"","",5129
纺织、服装及家庭用品批发,"",513,""
纺织品、针织品及原料批发,"","",5131
服装批发,"","",5132
鞋帽批发,"","",5133
化妆品及卫生用品批发,"","",5134
厨房、卫生间用具及日用杂货批发,"","",5135
灯具、装饰物品批发,"","",5136
家用电器批发,"","",5137
其他家庭用品批发,"","",5139
文化、体育用品及器材批发,"",514,""
文具用品批发,"","",5141
体育用品及器材批发,"","",5142
图书批发,"","",5143
报刊批发,"","",5144
音像制品及电子出版物批发,"","",5145
首饰、工艺品及收藏品批发,"","",5146
其他文化用品批发,"","",5149
医药及医疗器材批发,"",515,""
西药批发,"","",5151
中药批发,"","",5152
医疗用品及器材批发,"","",5153
矿产品、建材及化工产品批发,"",516,""
煤炭及制品批发,"","",5161
石油及制品批发,"","",5162
非金属矿及制品批发,"","",5163
金属及金属矿批发,"","",5164
建材批发,"","",5165
化肥批发,"","",5166
农药批发,"","",5167
农用薄膜批发,"","",5168
其他化工产品批发,"","",5169
机械设备、五金产品及电子产品批发,"",517,""
农业机械批发,"","",5171
汽车批发,"","",5172
汽车零配件批发,"","",5173
摩托车及零配件批发,"","",5174
五金产品批发,"","",5175
电气设备批发,"","",5176
计算机、软件及辅助设备批发,"","",5177
通讯及广播电视设备批发,"","",5178
其他机械设备及电子产品批发,"","",5179
贸易经纪与代理,"",518,""
贸易代理,"","",5181
拍卖,"","",5182
其他贸易经纪与代理,"","",5189
其他批发业,"",519,""
再生物资回收与批发,"","",5191
其他未列明批发业,"","",5199
零售业,52,"",""
综合零售,"",521,""
百货零售,"","",5211
超级市场零售,"","",5212
其他综合零售,"","",5219
食品、饮料及烟草制品专门零售,"",522,""
粮油零售,"","",5221
糕点、面包零售,"","",5222
果品、蔬菜零售,"","",5223
肉、禽、蛋、奶及水产品零售,"","",5224
营养和保健品零售,"","",5225
酒、饮料及茶叶零售,"","",5226
烟草制品零售,"","",5227
其他食品零售,"","",5229
纺织、服装及日用品专门零售,"",523,""
纺织品及针织品零售,"","",5231
服装零售,"","",5232
鞋帽零售,"","",5233
化妆品及卫生用品零售,"","",5234
钟表、眼镜零售,"","",5235
箱、包零售,"","",5236
厨房用具及日用杂品零售,"","",5237
自行车零售,"","",5238
其他日用品零售,"","",5239
文化、体育用品及器材专门零售,"",524,""
文具用品零售,"","",5241
体育用品及器材零售,"","",5242
图书、报刊零售,"","",5243
音像制品及电子出版物零售,"","",5244
珠宝首饰零售,"","",5245
工艺美术品及收藏品零售,"","",5246
乐器零售,"","",5247
照相器材零售,"","",5248
其他文化用品零售,"","",5249
医药及医疗器材专门零售,"",525,""
药品零售,"","",5251
医疗用品及器材零售,"","",5252
汽车、摩托车、燃料及零配件专门零售,"",526,""
汽车零售,"","",5261
汽车零配件零售,"","",5262
摩托车及零配件零售,"","",5263
机动车燃料零售,"","",5264
家用电器及电子产品专门零售,"",527,""
家用视听设备零售,"","",5271
日用家电设备零售,"","",5272
计算机、软件及辅助设备零售,"","",5273
通信设备零售,"","",5274
其他电子产品零售,"","",5279
五金、家具及室内装饰材料专门零售,"",528,""
五金零售,"","",5281
灯具零售,"","",5282
家具零售,"","",5283
涂料零售,"","",5284
卫生洁具零售,"","",5285
木质装饰材料零售,"","",5286
陶瓷、石材装饰材料零售,"","",5287
其他室内装饰材料零售,"","",5289
货摊、无店铺及其他零售业,"",529,""
货摊食品零售,"","",5291
货摊纺织、服装及鞋零售,"","",5292
货摊日用品零售,"","",5293
互联网零售,"","",5294
邮购及电视、电话零售,"","",5295
旧货零售,"","",5296
生活用燃料零售,"","",5297
其他未列明零售业,"","",5299
本门类包括53～60大类,"","",""
铁路运输业,53,"",""
铁路旅客运输,"",531,5310
铁路货物运输,"",532,5320
铁路运输辅助活动,"",533,""
客运火车站,"","",5331
货运火车站,"","",5332
其他铁路运输辅助活动,"","",5339
道路运输业,54,"",""
城市公共交通运输,"",541,""
公共电汽车客运,"","",5411
城市轨道交通,"","",5412
出租车客运,"","",5413
其他城市公共交通运输,"","",5419
公路旅客运输,"",542,5420
道路货物运输,"",543,5430
道路运输辅助活动,"",544,""
客运汽车站,"","",5441
公路管理与养护,"","",5442
其他道路运输辅助活动,"","",5449
水上运输业,55,"",""
水上旅客运输,"",551,""
海洋旅客运输,"","",5511
内河旅客运输,"","",5512
客运轮渡运输,"","",5513
水上货物运输,"",552,""
远洋货物运输,"","",5521
沿海货物运输,"","",5522
内河货物运输,"","",5523
水上运输辅助活动,"",553,""
客运港口,"","",5531
货运港口,"","",5532
其他水上运输辅助活动,"","",5539
航空运输业,56,"",""
航空客货运输,"",561,""
航空旅客运输,"","",5611
航空货物运输,"","",5612
通用航空服务,"",562,5620
航空运输辅助活动,"",563,""
机场,"","",5631
空中交通管理,"","",5632
其他航空运输辅助活动,"","",5639
管道运输业,57,"",""
管道运输业,"",570,5700
装卸搬运和运输代理业,58,"",""
装卸搬运,"",581,5810
运输代理业,"",582,""
货物运输代理,"","",5821
旅客票务代理,"","",5822
其他运输代理业,"","",5829
仓储业,59,"",""
谷物、棉花等农产品仓储,"",591,""
谷物仓储,"","",5911
棉花仓储,"","",5912
其他农产品仓储,"","",5919
其他仓储业,"",599,5990
邮政业,60,"",""
邮政基本服务,"",601,6010
快递服务,"",602,6020
住宿业,61,"",""
旅游饭店,"",611,6110
一般旅馆,"",612,6120
其他住宿业,"",619,6190
餐饮业,62,"",""
正餐服务,"",621,6210
快餐服务,"",622,6220
饮料及冷饮服务,"",623,""
茶馆服务,"","",6231
咖啡馆服务,"","",6232
酒吧服务,"","",6233
其他饮料及冷饮服务,"","",6239
其他餐饮业,"",629,""
小吃服务,"","",6291
餐饮配送服务,"","",6292
其他未列明餐饮业,"","",6299
本门类包括63～65大类,"","",""
电信、广播电视和卫星传输服务,63,"",""
电信,"",631,""
固定电信服务,"","",6311
移动电信服务,"","",6312
其他电信服务,"","",6319
广播电视传输服务,"",632,""
有线广播电视传输服务,"","",6321
无线广播电视传输服务,"","",6322
卫星传输服务,"",633,6330
互联网和相关服务,64,"",""
互联网接入及相关服务,"",641,6410
互联网信息服务,"",642,6420
其他互联网服务,"",649,6490
软件和信息技术服务业,65,"",""
软件开发,"",651,6510
信息系统集成服务,"",652,6520
信息技术咨询服务,"",653,6530
信用服务,"","",7295
数据处理和存储服务,"",654,6540
集成电路设计,"",655,6550
其他信息技术服务业,"",659,""
数字内容服务,"","",6591
呼叫中心,"","",6592
其他未列明信息技术服务业,"","",6599
本门类包括66～69大类,"","",""
货币金融服务,66,"",""
中央银行服务,"",661,6610
货币银行服务,"",662,6620
非货币银行服务,"",663,""
金融租赁服务,"","",6631
财务公司,"","",6632
典当,"","",6633
其他非货币银行服务,"","",6639
银行监管服务,"",664,6640
资本市场服务,67,"",""
证券市场服务,"",671,""
证券市场管理服务,"","",6711
证券经纪交易服务,"","",6712
基金管理服务,"","",6713
期货市场服务,"",672,""
期货市场管理服务,"","",6721
其他期货市场服务,"","",6729
证券期货监管服务,"",673,6730
资本投资服务,"",674,6740
其他资本市场服务,"",679,6790
保险业,68,"",""
人身保险,"",681,""
人寿保险,"","",6811
健康和意外保险,"","",6812
财产保险,"",682,6820
再保险,"",683,6830
养老金,"",684,6840
保险经纪与代理服务,"",685,6850
保险监管服务,"",686,6860
其他保险活动,"",689,""
风险和损失评估,"","",6891
其他未列明保险活动,"","",6899
其他金融业,69,"",""
金融信托与管理服务,"",691,6910
控股公司服务,"",692,6920
担保服务,"","",7296
非金融机构支付服务,"",693,6930
金融信息服务,"",694,6940
其他未列明金融业,"",699,6990
房地产业,70,"",""
房地产开发经营,"",701,7010
物业管理,"",702,7020
房地产中介服务,"",703,7030
自有房地产经营活动,"",704,7040
其他房地产业,"",709,7090
租赁业,71,"",""
机械设备租赁,"",711,""
汽车租赁,"","",7111
农业机械租赁,"","",7112
建筑工程机械与设备租赁,"","",7113
计算机及通讯设备租赁,"","",7114
其他机械与设备租赁,"","",7119
文化及日用品出租,"",712,""
娱乐及体育设备出租,"","",7121
图书出租,"","",7122
音像制品出租,"","",7123
其他文化及日用品出租,"","",7129
商务服务业,72,"",""
企业管理服务,"",721,""
企业总部管理,"","",7211
投资与资产管理,"","",7212
单位后勤管理服务,"","",7213
其他企业管理服务,"","",7219
法律服务,"",722,""
律师及相关法律服务,"","",7221
公证服务,"","",7222
其他法律服务,"","",7229
咨询与调查,"",723,""
会计、审计及税务服务,"","",7231
市场调查,"","",7232
社会经济咨询,"","",7233
其他专业咨询,"","",7239
广告业,"",724,7240
知识产权服务,"",725,7250
人力资源服务,"",726,""
公共就业服务,"","",7261
职业中介服务,"","",7262
劳务派遣服务,"","",7263
其他人力资源服务,"","",7269
旅行社及相关服务,"",727,""
旅行社服务,"","",7271
旅游管理服务,"","",7272
其他旅行社相关服务,"","",7279
安全保护服务,"",728,""
安全服务,"","",7281
安全系统监控服务,"","",7282
其他安全保护服务,"","",7289
其他商务服务业,"",729,""
市场管理,"","",7291
会议及展览服务,"","",7292
包装服务,"","",7293
办公服务,"","",7294
其他未列明商务服务业,"","",7299
本门类包括73～75大类,"","",""
研究和试验发展,73,"",""
自然科学研究和试验发展,"",731,7310
工程和技术研究和试验发展,"",732,7320
农业科学研究和试验发展,"",733,7330
医学研究和试验发展,"",734,7340
社会人文科学研究,"",735,7350
专业技术服务业,74,"",""
气象服务,"",741,7410
地震服务,"",742,7420
海洋服务,"",743,7430
测绘服务,"",744,7440
质检技术服务,"",745,7450
环境与生态监测,"",746,""
环境保护监测,"","",7461
生态监测,"","",7462
地质勘查,"",747,""
能源矿产地质勘查,"","",7471
固体矿产地质勘查,"","",7472
水、二氧化碳等矿产地质勘查,"","",7473
基础地质勘查,"","",7474
地质勘查技术服务,"","",7475
工程技术,"",748,""
工程管理服务,"","",7481
工程勘察设计,"","",7482
规划管理,"","",7483
其他专业技术服务业,"",749,""
专业化设计服务,"","",7491
摄影扩印服务,"","",7492
兽医服务,"","",7493
其他未列明专业技术服务业,"","",7499
科技推广和应用服务业,75,"",""
技术推广服务,"",751,""
农业技术推广服务,"","",7511
生物技术推广服务,"","",7512
新材料技术推广服务,"","",7513
节能技术推广服务,"","",7514
其他技术推广服务,"","",7519
科技中介服务,"",752,7520
其他科技推广和应用服务业,"",759,7590
水利管理业,76,"",""
防洪除涝设施管理,"",761,7610
水资源管理,"",762,7620
天然水收集与分配,"",763,7630
水文服务,"",764,7640
其他水利管理业,"",769,7690
生态保护和环境治理业,77,"",""
生态保护,"",771,""
自然保护区管理,"","",7711
野生动物保护,"","",7712
野生植物保护,"","",7713
其他自然保护,"","",7719
环境治理业,"",772,""
水污染治理,"","",7721
大气污染治理,"","",7722
固体废物治理,"","",7723
危险废物治理,"","",7724
放射性废物治理,"","",7725
其他污染治理,"","",7729
公共设施管理业,78,"",""
市政设施管理,"",781,7810
环境卫生管理,"",782,7820
城乡市容管理,"",783,7830
绿化管理,"",784,7840
公园和游览景区管理,"",785,""
公园管理,"","",7851
游览景区管理,"","",7852
本门类包括79～81大类,"","",""
居民服务业,79,"",""
家庭服务,"",791,7910
托儿所服务,"",792,7920
洗染服务,"",793,7930
理发及美容服务,"",794,7940
洗浴服务,"",795,7950
保健服务,"",796,7960
婚姻服务,"",797,7970
殡葬服务,"",798,7980
其他居民服务业,"",799,7990
机动车、电子产品和日用产品修理业,80,"",""
汽车、摩托车修理与维护,"",801,""
汽车修理与维护,"","",8011
摩托车修理与维护,"","",8012
计算机和办公设备维修,"",802,""
计算机和辅助设备修理,"","",8021
通讯设备修理,"","",8022
其他办公设备维修,"","",8029
家用电器修理,"",803,""
家用电子产品修理,"","",8031
日用电器修理,"","",8032
其他日用产品修理业,"",809,""
自行车修理,"","",8091
鞋和皮革修理,"","",8092
家具和相关物品修理,"","",8093
其他未列明日用产品修理业,"","",8099
其他服务业,81,"",""
清洁服务,"",811,""
建筑物清洁服务,"","",8111
其他清洁服务,"","",8119
其他未列明服务业,"",819,8190
教育,82,"",""
学前教育,"",821,8210
初等教育,"",822,""
普通小学教育,"","",8221
成人小学教育,"","",8222
中等教育,"",823,""
普通初中教育,"","",8231
职业初中教育,"","",8232
成人初中教育,"","",8233
普通高中教育,"","",8234
成人高中教育,"","",8235
中等职业学校教育,"","",8236
高等教育,"",824,""
普通高等教育,"","",8241
成人高等教育,"","",8242
特殊教育,"",825,8250
技能培训、教育辅助及其他教育,"",829,""
职业技能培训,"","",8291
体校及体育培训,"","",8292
文化艺术培训,"","",8293
教育辅助服务,"","",8294
其他未列明教育,"","",8299
本门类包括83和84大类,"","",""
卫生,83,"",""
医院,"",831,""
综合医院,"","",8311
中医医院,"","",8312
中西医结合医院,"","",8313
民族医院,"","",8314
专科医院,"","",8315
疗养院,"","",8316
社区医疗与卫生院,"",832,""
社区卫生服务中心（站）,"","",8321
街道卫生院,"","",8322
乡镇卫生院,"","",8323
门诊部（所）,"",833,8330
计划生育技术服务活动,"",834,8340
妇幼保健院（所、站）,"",835,8350
专科疾病防治院（所、站）,"",836,8360
疾病预防控制中心,"",837,8370
其他卫生活动,"",839,8390
社会工作,84,"",""
提供住宿社会工作,"",841,""
干部休养所,"","",8411
护理机构服务,"","",8412
精神康复服务,"","",8413
老年人、残疾人养护服务,"","",8414
孤残儿童收养和庇护服务,"","",8415
其他提供住宿社会救助,"","",8419
不提供住宿社会工作,"",842,""
社会看护与帮助服务,"","",8421
其他不提供住宿社会工作,"","",8429
本门类包括85～89大类,"","",""
新闻和出版业,85,"",""
新闻业,"",851,8510
出版业,"",852,""
图书出版,"","",8521
报纸出版,"","",8522
期刊出版,"","",8523
音像制品出版,"","",8524
电子出版物出版,"","",8525
其他出版业,"","",8529
广播、电视、电影和影视录音制作业,86,"",""
广播,"",861,8610
电视,"",862,8620
专业性团体,"","",9421
电影和影视节目制作,"",863,8630
电影和影视节目发行,"",864,8640
电影放映,"",865,8650
录音制作,"",866,8660
文化艺术业,87,"",""
文艺创作与表演,"",871,8710
艺术表演场馆,"",872,8720
图书馆与档案馆,"",873,""
图书馆,"","",8731
档案馆,"","",8732
文物及非物质文化遗产保护,"",874,8740
博物馆,"",875,8750
烈士陵园、纪念馆,"",876,8760
群众文化活动,"",877,8770
其他文化艺术业,"",879,8790
体育,88,"",""
体育组织,"",881,8810
体育场馆,"",882,8820
休闲健身活动,"",883,8830
其他体育,"",889,8890
娱乐业,89,"",""
室内娱乐活动,"",891,""
歌舞厅娱乐活动,"","",8911
电子游艺厅娱乐活动,"","",8912
网吧活动,"","",8913
其他室内娱乐活动,"","",8919
游乐园,"",892,8920
彩票活动,"",893,8930
文化、娱乐、体育经纪代理,"",894,""
文化娱乐经纪人,"","",8941
体育经纪人,"","",8942
其他文化艺术经纪代理,"","",8949
其他娱乐业,"",899,8990
中国共产党机关,90,"",""
中国共产党机关,"",900,9000
国家机构,91,"",""
国家权力机构,"",911,9110
国家行政机构,"",912,""
综合事务管理机构,"","",9121
对外事务管理机构,"","",9122
公共安全管理机构,"","",9123
社会事务管理机构,"","",9124
经济事务管理机构,"","",9125
行政监督检查机构,"","",9126
人民法院和人民检察院,"",913,""
人民法院,"","",9131
人民检察院,"","",9132
其他国家机构,"",919,9190
人民政协、民主党派,92,"",""
人民政协,"",921,9210
民主党派,"",922,9220
社会保障,93,"",""
社会保障,"",930,9300
群众团体、社会团体和其他成员组织,94,"",""
群众团体,"",941,""
工会,"","",9411
妇联,"","",9412
共青团,"","",9413
其他群众团体,"","",9419
社会团体,"",942,""
行业性团体,"","",9422
其他社会团体,"","",9429
基金会,"",943,9430
宗教组织,"",944,9440
基层群众自治组织,95,"",""
社区自治组织,"",951,9510
村民自治组织,"",952,9520
国际组织,96,"",""
国际组织,"",960,9600
